Date,interest,vacancy,cpi,price,value,adj_price,adj_value
2/2/2008,5.68,10.1,212.174,215000,243109.3812,101331.9257,114580.1942
2/9/2008,5.67,10.1,212.687,204250,243109.3812,96033.1379,114303.8273
2/16/2008,5.72,10.1,212.687,215000,243109.3812,101087.5136,114303.8273
2/23/2008,6.04,10.1,212.687,200000,243109.3812,94034.89635,114303.8273
3/1/2008,6.24,10.1,212.687,215000,240739.0886,101087.5136,113189.3762
3/8/2008,6.03,10.1,213.448,210000,240739.0886,98384.61827,112785.8254
3/15/2008,6.13,10.1,213.448,216000,240739.0886,101195.6074,112785.8254
3/22/2008,5.87,10.1,213.448,220000,240739.0886,103069.6001,112785.8254
3/29/2008,5.85,10.1,213.448,217150,240739.0886,101734.3803,112785.8254
4/5/2008,5.88,10,213.942,217750,240313.9824,101779.9217,112326.6971
4/12/2008,5.88,10,213.942,221100,240313.9824,103345.7666,112326.6971
4/19/2008,5.88,10,213.942,219435,240313.9824,102567.5183,112326.6971
4/26/2008,6.03,10,213.942,217000,240313.9824,101429.3594,112326.6971
5/3/2008,6.06,10,215.208,220000,239144.3532,102226.683,111122.4272
5/10/2008,6.05,10,215.208,218450,239144.3532,101506.4496,111122.4272
5/17/2008,6.01,10,215.208,220000,239144.3532,102226.683,111122.4272
5/24/2008,5.98,10,215.208,219900,239144.3532,102180.2163,111122.4272
5/31/2008,6.08,10,215.208,215000,239144.3532,99903.34932,111122.4272
6/7/2008,6.09,10,217.463,215000,238699.7428,98867.39353,109765.681
6/14/2008,6.32,10,217.463,219000,238699.7428,100706.7869,109765.681
6/21/2008,6.42,10,217.463,209450,238699.7428,96315.23524,109765.681
6/28/2008,6.45,10,217.463,215000,238699.7428,98867.39353,109765.681
7/5/2008,6.35,9.9,219.016,213000,236502.783,97253.16872,107984.2491
7/12/2008,6.37,9.9,219.016,216900,236502.783,99033.86054,107984.2491
7/19/2008,6.26,9.9,219.016,220000,236502.783,100449.2822,107984.2491
7/26/2008,6.63,9.9,219.016,215000,236502.783,98166.34401,107984.2491
8/2/2008,6.52,9.9,219.016,209950,232468.2195,95860.5764,106142.1172
8/9/2008,6.52,9.9,218.69,215000,232468.2195,98312.68005,106300.3427
8/16/2008,6.52,9.9,218.69,219250,232468.2195,100256.0702,106300.3427
8/23/2008,6.47,9.9,218.69,225000,232468.2195,102885.3628,106300.3427
8/30/2008,6.4,9.9,218.69,205500,232468.2195,93968.6314,106300.3427
9/6/2008,6.35,9.9,218.877,215000,230064.6043,98228.68552,105111.3659
9/13/2008,5.93,9.9,218.877,214800,230064.6043,98137.31,105111.3659
9/20/2008,5.78,9.9,218.877,210000,230064.6043,95944.29748,105111.3659
9/27/2008,6.09,9.9,218.877,200000,230064.6043,91375.52141,105111.3659
10/4/2008,6.1,10.1,216.995,205700,227681.6792,94794.81094,104924.8504
10/11/2008,5.94,10.1,216.995,200000,227681.6792,92168.0223,104924.8504
10/18/2008,6.46,10.1,216.995,208000,227681.6792,95854.7432,104924.8504
10/25/2008,6.04,10.1,216.995,198000,227681.6792,91246.34208,104924.8504
11/1/2008,6.46,10.1,216.995,200000,224013.8076,92168.0223,103234.5481
11/8/2008,6.2,10.1,213.153,195000,224013.8076,91483.58222,105095.3107
11/15/2008,6.14,10.1,213.153,195750,224013.8076,91835.44215,105095.3107
11/22/2008,6.04,10.1,213.153,200000,224013.8076,93829.31509,105095.3107
12/6/2008,5.53,10.1,211.398,201000,221647.6625,95081.31581,104848.5144
12/13/2008,5.47,10.1,211.398,210000,221647.6625,99338.68816,104848.5144
12/20/2008,5.19,10.1,211.398,185000,221647.6625,87512.65386,104848.5144
1/3/2009,5.1,10.1,211.933,193750,218837.9127,91420.40173,103258.064
1/10/2009,5.01,10.1,211.933,194450,218837.9127,91750.6948,103258.064
1/17/2009,4.96,10.1,211.933,182250,218837.9127,85994.15853,103258.064
1/24/2009,5.12,10.1,211.933,189500,218837.9127,89415.05098,103258.064
1/31/2009,5.1,10.1,211.933,189900,218837.9127,89603.78988,103258.064
2/7/2009,5.25,10.1,212.705,182250,215530.8568,85682.04791,101328.5333
2/14/2009,5.16,10.1,212.705,188388,215530.8568,88567.73466,101328.5333
2/21/2009,5.04,10.1,212.705,179750,215530.8568,84506.71117,101328.5333
2/28/2009,5.07,10.1,212.705,179400,215530.8568,84342.16403,101328.5333
3/7/2009,5.15,10.1,212.495,175500,212147.4743,82590.17859,99836.45463
3/14/2009,5.03,10.1,212.495,185000,212147.4743,87060.87202,99836.45463
3/21/2009,4.98,10.1,212.495,189250,212147.4743,89060.91908,99836.45463
3/28/2009,4.85,10.1,212.495,179250,212147.4743,84354.926,99836.45463
4/4/2009,4.78,10.6,212.709,175000,212369.525,82272.02422,99840.40402
4/11/2009,4.87,10.6,212.709,183000,212369.525,86033.03104,99840.40402
4/18/2009,4.82,10.6,212.709,178500,212369.525,83917.46471,99840.40402
4/25/2009,4.8,10.6,212.709,175000,212369.525,82272.02422,99840.40402
5/2/2009,4.78,10.6,212.709,175650,213355.8286,82577.60603,100304.0909
5/9/2009,4.84,10.6,213.022,186250,213355.8286,87432.28399,100156.7109
5/16/2009,4.86,10.6,213.022,180000,213355.8286,84498.31473,100156.7109
5/23/2009,4.82,10.6,213.022,180000,213355.8286,84498.31473,100156.7109
5/30/2009,4.91,10.6,213.022,198000,213355.8286,92948.1462,100156.7109
6/6/2009,5.29,10.6,214.79,191000,213660.6328,88924.06537,99474.19937
6/13/2009,5.59,10.6,214.79,190000,213660.6328,88458.49434,99474.19937
6/20/2009,5.38,10.6,214.79,185000,213660.6328,86130.63923,99474.19937
6/27/2009,5.42,10.6,214.79,187500,213660.6328,87294.56679,99474.19937
7/4/2009,5.32,11.1,214.726,193000,213920.6898,89881.98914,99624.95916
7/11/2009,5.2,11.1,214.726,191750,213920.6898,89299.8519,99624.95916
7/18/2009,5.14,11.1,214.726,191900,213920.6898,89369.70837,99624.95916
7/25/2009,5.2,11.1,214.726,185000,213920.6898,86156.31083,99624.95916
8/1/2009,5.25,11.1,214.726,192500,214262.8872,89649.13425,99784.32384
8/8/2009,5.22,11.1,215.445,189900,214262.8872,88143.14558,99451.31575
8/15/2009,5.29,11.1,215.445,190450,214262.8872,88398.43115,99451.31575
8/22/2009,5.12,11.1,215.445,183000,214262.8872,84940.47205,99451.31575
8/29/2009,5.14,11.1,215.445,195000,214262.8872,90510.33907,99451.31575
9/5/2009,5.08,11.1,215.861,185000,212773.1804,85703.29981,98569.53334
9/12/2009,5.07,11.1,215.861,193000,212773.1804,89409.38845,98569.53334
9/19/2009,5.04,11.1,215.861,189000,212773.1804,87556.34413,98569.53334
9/26/2009,5.04,11.1,215.861,183700,212773.1804,85101.0604,98569.53334
10/3/2009,4.94,10.7,216.509,187000,211820.2184,86370.54349,97834.37105
10/10/2009,4.87,10.7,216.509,180000,211820.2184,83137.42154,97834.37105
10/17/2009,4.92,10.7,216.509,180700,211820.2184,83460.73373,97834.37105
10/24/2009,5,10.7,216.509,185000,211820.2184,85446.79436,97834.37105
10/31/2009,5.03,10.7,216.509,179000,211820.2184,82675.54697,97834.37105
11/7/2009,4.98,10.7,217.234,184500,210913.599,84931.4564,97090.51023
11/14/2009,4.91,10.7,217.234,176450,210913.599,81225.77497,97090.51023
11/21/2009,4.83,10.7,217.234,180000,210913.599,82859.95747,97090.51023
12/5/2009,4.71,10.7,217.347,174400,210861.1173,80240.35298,97015.88579
12/12/2009,4.81,10.7,217.347,180000,210861.1173,82816.87808,97015.88579
12/19/2009,4.94,10.7,217.347,179900,210861.1173,82770.8687,97015.88579
12/26/2009,5.05,10.7,217.347,174500,210861.1173,80286.36236,97015.88579
1/2/2010,5.14,10.7,217.347,177250,210342.0675,81551.62022,96777.07423
1/9/2010,5.09,10.6,217.488,170000,210342.0675,78165.2321,96714.33253
1/16/2010,5.06,10.6,217.488,175000,210342.0675,80464.20952,96714.33253
1/23/2010,4.99,10.6,217.488,164900,210342.0675,75820.27514,96714.33253
1/30/2010,4.98,10.6,217.488,165000,210342.0675,75866.25469,96714.33253
2/6/2010,5.01,10.6,217.281,178500,210855.0723,82151.68376,97042.57264
2/13/2010,4.97,10.6,217.281,173000,210855.0723,79620.39939,97042.57264
2/20/2010,4.93,10.6,217.281,176500,210855.0723,81231.21672,97042.57264
2/27/2010,5.05,10.6,217.281,168000,210855.0723,77319.23178,97042.57264
3/6/2010,4.97,10.6,217.353,175750,212036.2995,80859.2474,97553.88675
3/13/2010,4.95,10.6,217.353,180000,212036.2995,82814.59193,97553.88675
3/20/2010,4.96,10.6,217.353,174000,212036.2995,80054.10553,97553.88675
3/27/2010,4.99,10.6,217.353,179950,212036.2995,82791.58788,97553.88675
4/3/2010,5.08,10.6,217.403,187000,212608.5468,86015.37237,97794.67019
4/10/2010,5.21,10.6,217.403,190000,212608.5468,87395.29813,97794.67019
4/17/2010,5.07,10.6,217.403,179450,212608.5468,82542.55921,97794.67019
4/24/2010,5.07,10.6,217.403,175000,212608.5468,80495.66933,97794.67019
5/1/2010,5.06,10.6,217.403,177700,213695.8737,81737.60252,98294.81363
5/8/2010,5,10.6,217.29,181500,213695.8737,83528.92448,98345.9311
5/15/2010,4.93,10.6,217.29,182500,213695.8737,83989.13894,98345.9311
5/22/2010,4.84,10.6,217.29,179900,213695.8737,82792.58134,98345.9311
5/29/2010,4.78,10.6,217.29,179900,213695.8737,82792.58134,98345.9311
6/5/2010,4.79,10.6,217.199,185250,212960.9903,85290.44793,98048.7895
6/12/2010,4.72,10.6,217.199,192000,212960.9903,88398.19705,98048.7895
6/19/2010,4.75,10.6,217.199,185000,212960.9903,85175.34611,98048.7895
6/26/2010,4.69,10.6,217.199,187250,212960.9903,86211.26248,98048.7895
7/3/2010,4.58,10.3,217.605,195000,211289.7911,89611.91149,97097.85673
7/10/2010,4.57,10.3,217.605,185000,211289.7911,85016.42885,97097.85673
7/17/2010,4.57,10.3,217.605,204000,211289.7911,93747.84587,97097.85673
7/24/2010,4.56,10.3,217.605,192000,211289.7911,88233.2667,97097.85673
7/31/2010,4.54,10.3,217.605,199900,211289.7911,91863.69798,97097.85673
8/7/2010,4.49,10.3,217.923,197750,208588.3534,90743.06062,95716.53906
8/14/2010,4.44,10.3,217.923,185000,208588.3534,84892.37024,95716.53906
8/21/2010,4.42,10.3,217.923,190000,208588.3534,87186.75863,95716.53906
8/28/2010,4.36,10.3,217.923,194000,208588.3534,89022.26933,95716.53906
9/4/2010,4.32,10.3,218.275,195000,205197.073,89336.84572,94008.50898
9/11/2010,4.35,10.3,218.275,185000,205197.073,84755.46902,94008.50898
9/18/2010,4.37,10.3,218.275,175000,205197.073,80174.09231,94008.50898
9/25/2010,4.37,10.3,218.275,193875,205197.073,88821.44084,94008.50898
10/2/2010,4.32,10.3,218.275,187750,203026.8003,86015.34761,93014.22531
10/9/2010,4.27,9.4,219.035,182750,203026.8003,83434.15436,92691.4878
10/16/2010,4.19,9.4,219.035,180000,203026.8003,82178.64725,92691.4878
10/23/2010,4.21,9.4,219.035,177950,203026.8003,81242.72377,92691.4878
10/30/2010,4.23,9.4,219.035,180000,203026.8003,82178.64725,92691.4878
11/6/2010,4.24,9.4,219.59,174000,201321.8695,79238.58099,91680.80037
11/13/2010,4.17,9.4,219.59,172950,201321.8695,78760.41714,91680.80037
11/20/2010,4.39,9.4,219.59,175000,201321.8695,79693.97514,91680.80037
12/4/2010,4.46,9.4,220.472,189950,196847.6247,86156.06517,89284.63693
12/11/2010,4.61,9.4,220.472,195000,196847.6247,88446.60546,89284.63693
12/18/2010,4.83,9.4,220.472,172500,196847.6247,78241.22791,89284.63693
12/25/2010,4.81,9.4,220.472,167500,196847.6247,75973.36623,89284.63693
1/1/2011,4.86,9.4,220.472,170000,195527.9942,77107.29707,88686.08901
1/8/2011,4.77,9.7,221.187,175000,195527.9942,79118.57388,88399.406
1/15/2011,4.71,9.7,221.187,172300,195527.9942,77897.88731,88399.406
1/22/2011,4.74,9.7,221.187,169900,195527.9942,76812.83258,88399.406
1/29/2011,4.8,9.7,221.187,165000,195527.9942,74597.51251,88399.406
2/5/2011,4.81,9.7,221.898,166250,192925.7692,74921.81092,86943.44663
2/12/2011,5.05,9.7,221.898,170000,192925.7692,76611.77658,86943.44663
2/19/2011,5,9.7,221.898,162500,192925.7692,73231.84526,86943.44663
2/26/2011,4.95,9.7,221.898,164000,192925.7692,73907.83153,86943.44663
3/5/2011,4.87,9.7,223.046,165000,192019.1817,73975.77181,86089.498
3/12/2011,4.88,9.7,223.046,163000,192019.1817,73079.09579,86089.498
3/19/2011,4.76,9.7,223.046,166550,192019.1817,74670.69573,86089.498
3/26/2011,4.81,9.7,223.046,154950,192019.1817,69469.9748,86089.498
4/2/2011,4.86,9.7,223.046,165000,190586.0736,73975.77181,85446.98116
4/9/2011,4.87,9.2,224.093,166000,190586.0736,74076.38793,85047.75856
4/16/2011,4.91,9.2,224.093,157250,190586.0736,70171.75905,85047.75856
4/23/2011,4.8,9.2,224.093,159900,190586.0736,71354.30379,85047.75856
4/30/2011,4.78,9.2,224.093,169702,190586.0736,75728.38063,85047.75856
5/7/2011,4.71,9.2,224.806,165000,189564.7636,73396.61753,84323.7118
5/14/2011,4.63,9.2,224.806,165086,189564.7636,73434.87273,84323.7118
5/21/2011,4.61,9.2,224.806,174550,189564.7636,77644.72478,84323.7118
5/28/2011,4.6,9.2,224.806,175000,189564.7636,77844.89738,84323.7118
6/4/2011,4.55,9.2,224.806,168000,188356.3892,74731.10148,83786.19309
6/11/2011,4.49,9.2,224.806,174900,188356.3892,77800.41458,83786.19309
6/18/2011,4.5,9.2,224.806,177000,188356.3892,78734.55335,83786.19309
6/25/2011,4.5,9.2,224.806,176900,188356.3892,78690.07055,83786.19309
7/2/2011,4.51,9.2,224.806,179000,186632.5451,79624.20932,83019.37898
7/9/2011,4.6,9.8,225.395,184850,186632.5451,82011.57967,82802.43356
7/16/2011,4.51,9.8,225.395,170000,186632.5451,75423.14603,82802.43356
7/23/2011,4.52,9.8,225.395,184000,186632.5451,81634.46394,82802.43356
7/30/2011,4.55,9.8,225.395,167750,186632.5451,74424.89851,82802.43356
8/6/2011,4.39,9.8,226.106,177000,185624.8491,78281.8678,82096.38358
8/13/2011,4.32,9.8,226.106,180400,185624.8491,79785.58729,82096.38358
8/20/2011,4.15,9.8,226.106,170625,185624.8491,75462.39374,82096.38358
8/27/2011,4.22,9.8,226.106,168000,185624.8491,74301.43384,82096.38358
9/3/2011,4.22,9.8,226.597,165000,183873.7085,72816.49801,81145.69413
9/10/2011,4.12,9.8,226.597,161566,183873.7085,71301.03223,81145.69413
9/17/2011,4.09,9.8,226.597,161250,183873.7085,71161.5776,81145.69413
9/24/2011,4.09,9.8,226.597,164850,183873.7085,72750.3012,81145.69413
10/1/2011,4.01,9.8,226.597,165000,182418.6818,72816.49801,80503.57323
10/8/2011,3.94,9.4,226.75,158000,182418.6818,69680.26461,80449.25328
10/15/2011,4.12,9.4,226.75,163500,182418.6818,72105.84344,80449.25328
10/22/2011,4.11,9.4,226.75,157000,182418.6818,69239.25028,80449.25328
10/29/2011,4.1,9.4,226.75,157750,182418.6818,69570.01103,80449.25328
11/5/2011,4,9.4,227.169,146788,180675.798,64616.21084,79533.65029
11/12/2011,3.99,9.4,227.169,159000,180675.798,69991.94432,79533.65029
11/19/2011,4,9.4,227.169,159000,180675.798,69991.94432,79533.65029
12/3/2011,4,9.4,227.223,163200,178427.6675,71823.71503,78525.35503
12/10/2011,3.99,9.4,227.223,150000,178427.6675,66014.44396,78525.35503
12/17/2011,3.94,9.4,227.223,159900,178427.6675,70371.39726,78525.35503
12/24/2011,3.91,9.4,227.223,146000,178427.6675,64254.05879,78525.35503
12/31/2011,3.95,9.4,227.223,155900,178427.6675,68611.01209,78525.35503
1/7/2012,3.91,8.8,227.842,149000,178314.2386,65396.19561,78262.23373
1/14/2012,3.89,8.8,227.842,153325,178314.2386,67294.44088,78262.23373
1/21/2012,3.88,8.8,227.842,153000,178314.2386,67151.79818,78262.23373
1/28/2012,3.98,8.8,227.842,145050,178314.2386,63662.53807,78262.23373
2/4/2012,3.87,8.8,228.329,147000,178481.3775,64380.78387,78168.51014
2/11/2012,3.87,8.8,228.329,150000,178481.3775,65694.67742,78168.51014
2/18/2012,3.87,8.8,228.329,145000,178481.3775,63504.85484,78168.51014
2/25/2012,3.95,8.8,228.329,152902,178481.3775,66965.65044,78168.51014
3/3/2012,3.9,8.8,228.807,145500,180394.2209,63590.71182,78841.2159
3/10/2012,3.88,8.8,228.807,150000,180394.2209,65557.43487,78841.2159
3/17/2012,3.92,8.8,228.807,154900,180394.2209,67698.97774,78841.2159
3/24/2012,4.08,8.8,228.807,166389,180394.2209,72720.2402,78841.2159
3/31/2012,3.99,8.8,228.807,155000,180394.2209,67742.6827,78841.2159
4/7/2012,3.98,8.6,229.187,158750,181759.6088,69266.58144,79306.24722
4/14/2012,3.88,8.6,229.187,160000,181759.6088,69811.98759,79306.24722
4/21/2012,3.9,8.6,229.187,160450,181759.6088,70008.33381,79306.24722
4/28/2012,3.88,8.6,229.187,165000,181759.6088,71993.6122,79306.24722
5/5/2012,3.84,8.6,228.713,162200,183341.4072,70918.57481,80162.2152
5/12/2012,3.83,8.6,228.713,165500,183341.4072,72361.43114,80162.2152
5/19/2012,3.79,8.6,228.713,171944,183341.4072,75178.93605,80162.2152
5/26/2012,3.78,8.6,228.713,173624,183341.4072,75913.48109,80162.2152
6/2/2012,3.75,8.6,228.713,172000,186391.2211,75203.42088,81495.68284
6/9/2012,3.67,8.6,228.524,172000,186391.2211,75265.61762,81563.08357
6/16/2012,3.71,8.6,228.524,175000,186391.2211,76578.39002,81563.08357
6/23/2012,3.66,8.6,228.524,182000,186391.2211,79641.52562,81563.08357
6/30/2012,3.66,8.6,228.524,177600,186391.2211,77716.1261,81563.08357
7/7/2012,3.62,8.6,228.59,187950,187257.8432,82221.44451,81918.65049
7/14/2012,3.56,8.6,228.59,179900,187257.8432,78699.85564,81918.65049
7/21/2012,3.53,8.6,228.59,185000,187257.8432,80930.92436,81918.65049
7/28/2012,3.49,8.6,228.59,180000,187257.8432,78743.60208,81918.65049
8/4/2012,3.55,8.6,229.918,180345,188525.2943,78438.83471,81996.75288
8/11/2012,3.59,8.6,229.918,175000,188525.2943,76114.09285,81996.75288
8/18/2012,3.62,8.6,229.918,175000,188525.2943,76114.09285,81996.75288
8/25/2012,3.66,8.6,229.918,183056,188525.2943,79617.95075,81996.75288
9/1/2012,3.59,8.6,229.918,182000,190496.8368,79158.65656,82854.25098
9/8/2012,3.55,8.6,231.015,185000,190496.8368,80081.38,82460.80851
9/15/2012,3.55,8.6,231.015,175000,190496.8368,75752.65675,82460.80851
9/22/2012,3.49,8.6,231.015,177000,190496.8368,76618.4014,82460.80851
9/29/2012,3.4,8.6,231.015,181250,190496.8368,78458.10878,82460.80851
10/6/2012,3.36,8.7,231.638,175000,192175.7088,75548.91684,82963.80937
10/13/2012,3.39,8.7,231.638,175000,192175.7088,75548.91684,82963.80937
10/20/2012,3.37,8.7,231.638,173000,192175.7088,74685.50065,82963.80937
10/27/2012,3.41,8.7,231.638,164000,192175.7088,70800.12779,82963.80937
11/3/2012,3.39,8.7,231.249,171500,192959.1609,74162.48286,83442.16015
11/10/2012,3.4,8.7,231.249,169000,192959.1609,73081.39711,83442.16015
11/17/2012,3.34,8.7,231.249,177750,192959.1609,76865.19725,83442.16015
12/1/2012,3.32,8.7,231.249,166675,194263.1997,72075.98736,84006.07124
12/8/2012,3.34,8.7,231.221,170800,194263.1997,73868.723,84016.24406
12/15/2012,3.32,8.7,231.221,161950,194263.1997,70041.21598,84016.24406
12/22/2012,3.37,8.7,231.221,173250,194263.1997,74928.31533,84016.24406
12/29/2012,3.35,8.7,231.221,166000,194263.1997,71792.78699,84016.24406
1/5/2013,3.34,8.6,231.679,160161,196331.7886,69130.56427,84743.02315
1/12/2013,3.4,8.6,231.679,162150,196331.7886,69989.07972,84743.02315
1/19/2013,3.38,8.6,231.679,161000,196331.7886,69492.70327,84743.02315
1/26/2013,3.42,8.6,231.679,159000,196331.7886,68629.43987,84743.02315
2/2/2013,3.53,8.6,231.679,161250,196101.8943,69600.61119,84643.79348
2/9/2013,3.53,8.6,232.937,155000,196101.8943,66541.59708,84186.66605
2/16/2013,3.53,8.6,232.937,159000,196101.8943,68258.79959,84186.66605
2/23/2013,3.56,8.6,232.937,160000,196101.8943,68688.10022,84186.66605
3/2/2013,3.51,8.6,232.937,160000,198639.0044,68688.10022,85275.84901
3/9/2013,3.52,8.6,232.282,168000,198639.0044,72325.87975,85516.31397
3/16/2013,3.63,8.6,232.282,169000,198639.0044,72756.39094,85516.31397
3/23/2013,3.54,8.6,232.282,164000,198639.0044,70603.83499,85516.31397
3/30/2013,3.57,8.6,232.282,180000,198639.0044,77492.01402,85516.31397
4/6/2013,3.54,8.2,231.797,175000,201248.778,75497.09444,86821.13143
4/13/2013,3.43,8.2,231.797,175000,201248.778,75497.09444,86821.13143
4/20/2013,3.41,8.2,231.797,177500,201248.778,76575.62436,86821.13143
4/27/2013,3.4,8.2,231.797,180515,201248.778,77876.33145,86821.13143
5/4/2013,3.35,8.2,231.893,180000,205831.8797,77622.0067,88761.57527
5/11/2013,3.42,8.2,231.893,190000,205831.8797,81934.34041,88761.57527
5/18/2013,3.51,8.2,231.893,184699,205831.8797,79648.37231,88761.57527
5/25/2013,3.59,8.2,231.893,187700,205831.8797,80942.50365,88761.57527
6/1/2013,3.81,8.2,231.893,189900,208268.0253,81891.21707,89812.12251
6/8/2013,3.91,8.2,232.445,194559,208268.0253,83701.09058,89598.8407
6/15/2013,3.98,8.2,232.445,200000,208268.0253,86041.85936,89598.8407
6/22/2013,3.93,8.2,232.445,198000,208268.0253,85181.44077,89598.8407
6/29/2013,4.46,8.2,232.445,201882,208268.0253,86851.51326,89598.8407
7/13/2013,4.51,8.3,232.9,200000,210217.2629,85873.76556,90260.73978
7/20/2013,4.37,8.3,232.9,210000,210217.2629,90167.45384,90260.73978
7/27/2013,4.31,8.3,232.9,200000,210217.2629,85873.76556,90260.73978
8/3/2013,4.39,8.3,233.456,208000,212192.389,89096.01809,90891.81218
8/10/2013,4.4,8.3,233.456,195829,212192.389,83882.616,90891.81218
8/17/2013,4.4,8.3,233.456,200000,212192.389,85669.24817,90891.81218
8/24/2013,4.58,8.3,233.456,204000,212192.389,87382.63313,90891.81218
8/31/2013,4.51,8.3,233.456,206000,212192.389,88239.32561,90891.81218
9/7/2013,4.57,8.3,233.544,204776,213355.8501,87681.97856,91355.74028
9/14/2013,4.57,8.3,233.544,199900,213355.8501,85594.14928,91355.74028
9/21/2013,4.5,8.3,233.544,194000,213355.8501,83067.85873,91355.74028
9/28/2013,4.32,8.3,233.544,190606,213355.8501,81614.59939,91355.74028
10/5/2013,4.22,8.2,233.669,194212,214482.7396,83114.14865,91789.1289
10/12/2013,4.23,8.2,233.669,190000,214482.7396,81311.59889,91789.1289
10/19/2013,4.28,8.2,233.669,195000,214482.7396,83451.3778,91789.1289
10/26/2013,4.13,8.2,233.669,189900,214482.7396,81268.80331,91789.1289
11/2/2013,4.1,8.2,233.669,191000,214886.4715,81739.55467,91961.90829
11/9/2013,4.16,8.2,234.1,189000,214886.4715,80734.72875,91792.59781
11/16/2013,4.35,8.2,234.1,190000,214886.4715,81161.89663,91792.59781
11/23/2013,4.22,8.2,234.1,193848,214886.4715,82805.63862,91792.59781
12/7/2013,4.46,8.2,234.719,193000,214945.1253,82225.98085,91575.5117
12/14/2013,4.42,8.2,234.719,206000,214945.1253,87764.51842,91575.5117
12/21/2013,4.47,8.2,234.719,187051,214945.1253,79691.46085,91575.5117
12/28/2013,4.48,8.2,234.719,181750,214945.1253,77433.01565,91575.5117
1/4/2014,4.53,8.3,235.288,186875,217555.1663,79423.94002,92463.34973
1/11/2014,4.51,8.3,235.288,189900,217555.1663,80709.59845,92463.34973
1/18/2014,4.41,8.3,235.288,188700,217555.1663,80199.58519,92463.34973
1/25/2014,4.39,8.3,235.288,183200,217555.1663,77862.02441,92463.34973
2/1/2014,4.32,8.3,235.288,180121,219790.2451,76553.41539,93413.28293
2/8/2014,4.23,8.3,235.547,190000,219790.2451,80663.30711,93310.56865
2/15/2014,4.28,8.3,235.547,175151,219790.2451,74359.25739,93310.56865
2/22/2014,4.33,8.3,235.547,185000,219790.2451,78540.5885,93310.56865
3/1/2014,4.37,8.3,235.547,185350,223580.4255,78689.17881,94919.66593
3/8/2014,4.28,8.3,236.028,185500,223580.4255,78592.3704,94726.22973
3/15/2014,4.37,8.3,236.028,188875,223580.4255,80022.28549,94726.22973
3/22/2014,4.32,8.3,236.028,186000,223580.4255,78804.20967,94726.22973
3/29/2014,4.4,8.3,236.028,194000,223580.4255,82193.63804,94726.22973
4/5/2014,4.41,7.5,236.468,197500,225240.2061,83520.81466,95251.87598
4/12/2014,4.34,7.5,236.468,195000,225240.2061,82463.58915,95251.87598
4/19/2014,4.27,7.5,236.468,189950,225240.2061,80327.99364,95251.87598
4/26/2014,4.33,7.5,236.468,192200,225240.2061,81279.49659,95251.87598
5/3/2014,4.29,7.5,236.918,197818,226422.689,83496.3996,95570.06603
5/10/2014,4.21,7.5,236.918,205750,226422.689,86844.39342,95570.06603
5/17/2014,4.2,7.5,236.918,200000,226422.689,84417.39336,95570.06603
5/24/2014,4.14,7.5,236.918,202750,226422.689,85578.13252,95570.06603
5/31/2014,4.12,7.5,236.918,206000,226422.689,86949.91516,95570.06603
6/7/2014,4.14,7.5,237.231,211305,227244.1114,89071.41141,95790.22615
6/14/2014,4.2,7.5,237.231,213126,227244.1114,89839.01767,95790.22615
6/21/2014,4.17,7.5,237.231,213320,227244.1114,89920.7945,95790.22615
6/28/2014,4.14,7.5,237.231,215064,227244.1114,90655.94294,95790.22615
7/5/2014,4.12,7.4,237.498,205250,226395.4639,86421.78039,95325.20859
7/12/2014,4.15,7.4,237.498,212500,226395.4639,89474.43768,95325.20859
7/19/2014,4.13,7.4,237.498,206000,226395.4639,86737.57253,95325.20859
7/26/2014,4.13,7.4,237.498,208000,226395.4639,87579.68488,95325.20859
8/2/2014,4.12,7.4,237.498,215000,224721.9002,90527.07812,94620.54427
8/9/2014,4.14,7.4,237.46,208000,224721.9002,87593.69999,94635.68611
8/16/2014,4.12,7.4,237.46,211000,224721.9002,88857.07066,94635.68611
8/23/2014,4.1,7.4,237.46,216000,224721.9002,90962.68845,94635.68611
8/30/2014,4.1,7.4,237.46,214250,224721.9002,90225.72223,94635.68611
9/6/2014,4.1,7.4,237.477,205800,223561.6215,86661.02401,94140.32579
9/13/2014,4.12,7.4,237.477,205000,223561.6215,86324.14929,94140.32579
9/20/2014,4.23,7.4,237.477,194000,223561.6215,81692.12176,94140.32579
9/27/2014,4.2,7.4,237.477,203000,223561.6215,85481.96246,94140.32579
10/4/2014,4.19,7,237.43,194000,222829.2869,81708.29297,93850.51884
10/11/2014,4.12,7,237.43,200955,222829.2869,84637.57739,93850.51884
10/18/2014,3.97,7,237.43,195000,222829.2869,82129.46974,93850.51884
10/25/2014,3.92,7,237.43,202245,222829.2869,85180.89542,93850.51884
11/1/2014,3.98,7,237.43,195757,222189.3511,82448.30055,93580.99276
11/8/2014,4.02,7,236.983,195000,222189.3511,82284.38327,93757.50628
11/15/2014,4.01,7,236.983,206000,222189.3511,86926.06643,93757.50628
11/22/2014,3.99,7,236.983,202985,222189.3511,85653.82327,93757.50628
12/6/2014,3.89,7,236.252,200909,223033.585,85040.12664,94404.95107
12/13/2014,3.93,7,236.252,205000,223033.585,86771.7522,94404.95107
12/20/2014,3.8,7,236.252,198500,223033.585,84020.45274,94404.95107
1/3/2015,3.87,7.1,234.747,196000,223385.5812,83494.14476,95160.14311
1/10/2015,3.73,7.1,234.747,189000,223385.5812,80512.21102,95160.14311
1/17/2015,3.66,7.1,234.747,195894,223385.5812,83448.98976,95160.14311
1/24/2015,3.63,7.1,234.747,192000,223385.5812,81790.18262,95160.14311
1/31/2015,3.66,7.1,234.747,191267,223385.5812,81477.93156,95160.14311
2/7/2015,3.59,7.1,235.342,198500,227431.778,84345.33572,96638.83966
2/14/2015,3.69,7.1,235.342,198000,227431.778,84132.87896,96638.83966
2/21/2015,3.76,7.1,235.342,192900,227431.778,81965.81996,96638.83966
2/28/2015,3.8,7.1,235.342,195000,227431.778,82858.13837,96638.83966
3/7/2015,3.75,7.1,235.976,203000,229862.7633,86025.69753,97409.38201
3/14/2015,3.86,7.1,235.976,217700,229862.7633,92255.14459,97409.38201
3/21/2015,3.78,7.1,235.976,199500,229862.7633,84542.49585,97409.38201
3/28/2015,3.69,7.1,235.976,202218,229862.7633,85694.3079,97409.38201
4/4/2015,3.7,6.8,236.222,210000,231338.6687,88899.42512,97932.73647
4/11/2015,3.66,6.8,236.222,216800,231338.6687,91778.07317,97932.73647
4/18/2015,3.67,6.8,236.222,217450,231338.6687,92053.23806,97932.73647
4/25/2015,3.65,6.8,236.222,215000,231338.6687,91016.0781,97932.73647
5/2/2015,3.68,6.8,236.222,209900,232720.441,88857.09206,98517.68296
5/9/2015,3.8,6.8,237.001,219900,232720.441,92784.41863,98193.8646
5/16/2015,3.85,6.8,237.001,220000,232720.441,92826.61255,98193.8646
5/23/2015,3.84,6.8,237.001,219900,232720.441,92784.41863,98193.8646
5/30/2015,3.87,6.8,237.001,219000,232720.441,92404.6734,98193.8646
6/6/2015,3.87,6.8,237.657,216000,233371.9608,90887.28714,98196.96487
6/13/2015,4.04,6.8,237.657,225000,233371.9608,94674.25744,98196.96487
6/20/2015,4,6.8,237.657,222781,233371.9608,93740.55887,98196.96487
6/27/2015,4.02,6.8,237.657,225000,233371.9608,94674.25744,98196.96487
7/4/2015,4.08,7.3,238.034,223100,233818.632,93726.10635,98229.08997
7/11/2015,4.04,7.3,238.034,227400,233818.632,95532.57098,98229.08997
7/18/2015,4.09,7.3,238.034,220000,233818.632,92423.77139,98229.08997
7/25/2015,4.04,7.3,238.034,220000,233818.632,92423.77139,98229.08997
8/1/2015,3.98,7.3,238.034,218000,233385.3215,91583.55529,98047.05273
8/8/2015,3.91,7.3,238.033,224550,233385.3215,94335.65934,98047.46464
8/15/2015,3.94,7.3,238.033,217500,233385.3215,91373.88513,98047.46464
8/22/2015,3.93,7.3,238.033,216432,233385.3215,90925.20785,98047.46464
8/29/2015,3.84,7.3,238.033,224900,233385.3215,94482.69778,98047.46464
9/5/2015,3.89,7.3,237.498,216182,233571.4159,91024.76652,98346.68753
9/12/2015,3.9,7.3,237.498,220000,233571.4159,92632.35901,98346.68753
9/19/2015,3.91,7.3,237.498,215667,233571.4159,90807.92259,98346.68753
9/26/2015,3.86,7.3,237.498,215000,233571.4159,90527.07812,98346.68753
10/3/2015,3.85,7,237.733,210000,233159.1918,88334.39194,98076.07351
10/10/2015,3.76,7,237.733,212800,233159.1918,89512.18384,98076.07351
10/17/2015,3.82,7,237.733,209900,233159.1918,88292.32795,98076.07351
10/24/2015,3.79,7,237.733,209000,233159.1918,87913.75198,98076.07351
10/31/2015,3.76,7,237.733,205000,233159.1918,86231.19214,98076.07351
11/7/2015,3.87,7,238.017,219250,233735.6439,92115.26908,98201.23938
11/14/2015,3.98,7,238.017,216000,233735.6439,90749.82039,98201.23938
11/21/2015,3.97,7,238.017,211252,233735.6439,88755.00489,98201.23938
12/5/2015,3.93,7,237.761,207200,234747.6931,87146.33603,98732.63197
12/12/2015,3.95,7,237.761,216450,234747.6931,91036.79746,98732.63197
12/19/2015,3.97,7,237.761,219000,234747.6931,92109.30304,98732.63197
12/26/2015,3.96,7,237.761,207000,234747.6931,87062.21794,98732.63197
1/2/2016,4.01,7,237.761,208726,236994.8363,87788.15701,99677.75889
1/9/2016,3.97,7,237.652,200626,236994.8363,84420.07641,99723.47647
1/16/2016,3.92,7,237.652,210950,236994.8363,88764.24352,99723.47647
1/23/2016,3.81,7,237.652,217000,236994.8363,91309.98266,99723.47647
1/30/2016,3.79,7,237.652,209350,236994.8363,88090.99019,99723.47647
2/6/2016,3.72,7,237.336,205450,239513.3109,86565.0386,100917.396
2/13/2016,3.65,7,237.336,215000,239513.3109,90588.86979,100917.396
2/20/2016,3.65,7,237.336,206060,239513.3109,86822.05818,100917.396
2/27/2016,3.62,7,237.336,209900,239513.3109,88440.01753,100917.396
3/5/2016,3.64,7,238.08,209400,242025.884,87953.62903,101657.3774
3/12/2016,3.68,7,238.08,217500,242025.884,91355.84677,101657.3774
3/19/2016,3.73,7,238.08,219900,242025.884,92363.91129,101657.3774
3/26/2016,3.71,7,238.08,213200,242025.884,89549.73118,101657.3774
4/2/2016,3.71,7,238.08,216137,243370.4724,90783.35013,102222.1406
4/9/2016,3.59,6.7,238.992,222500,243370.4724,93099.35061,101832.0581
4/16/2016,3.58,6.7,238.992,216000,243370.4724,90379.5943,101832.0581
4/23/2016,3.59,6.7,238.992,230000,243370.4724,96237.53096,101832.0581
4/30/2016,3.66,6.7,238.992,228000,243370.4724,95400.68287,101832.0581
5/7/2016,3.61,6.7,239.557,226000,243912.91,94340.80407,101818.3188
5/14/2016,3.57,6.7,239.557,225826,243912.91,94268.17,101818.3188
5/21/2016,3.58,6.7,239.557,232000,243912.91,96845.42718,101818.3188
5/28/2016,3.64,6.7,239.557,230000,243912.91,96010.55281,101818.3188
6/4/2016,3.66,6.7,240.222,228450,245854.0687,95099.53293,102344.5266
6/11/2016,3.6,6.7,240.222,228000,245854.0687,94912.20621,102344.5266
6/18/2016,3.54,6.7,240.222,239000,245854.0687,99491.30388,102344.5266
6/25/2016,3.56,6.7,240.222,232776,245854.0687,96900.36716,102344.5266
7/2/2016,3.48,6.7,240.222,234200,246696.0577,97493.15217,102695.0311
7/9/2016,3.41,6.8,240.101,237750,246696.0577,99020.82873,102746.7848
7/16/2016,3.42,6.8,240.101,237000,246696.0577,98708.46019,102746.7848
7/23/2016,3.45,6.8,240.101,235000,246696.0577,97875.4774,102746.7848
7/30/2016,3.48,6.8,240.101,232500,246696.0577,96834.24892,102746.7848
8/6/2016,3.43,6.8,240.545,230000,247262.6497,95616.20487,102792.679
8/13/2016,3.45,6.8,240.545,239273,247262.6497,99471.20081,102792.679
8/20/2016,3.43,6.8,240.545,230000,247262.6497,95616.20487,102792.679
8/27/2016,3.43,6.8,240.545,230000,247262.6497,95616.20487,102792.679
9/3/2016,3.46,6.8,241.176,234500,246936.0363,97231.89704,102388.3124
9/10/2016,3.44,6.8,241.176,228864,246936.0363,94895.01443,102388.3124
9/17/2016,3.5,6.8,241.176,223000,246936.0363,92463.59505,102388.3124
9/24/2016,3.48,6.8,241.176,220000,246936.0363,91219.69018,102388.3124
10/1/2016,3.42,6.8,241.176,226000,247750.5634,93707.49992,102726.0438
10/8/2016,3.42,6.9,241.741,220650,247750.5634,91275.37323,102485.9512
10/15/2016,3.47,6.9,241.741,230000,247750.5634,95143.14907,102485.9512
10/22/2016,3.52,6.9,241.741,225000,247750.5634,93074.81975,102485.9512
10/29/2016,3.47,6.9,241.741,221515,247750.5634,91633.1942,102485.9512
11/5/2016,3.54,6.9,242.026,226000,248192.4325,93378.39736,102547.8389
11/12/2016,3.57,6.9,242.026,219950,248192.4325,90878.66593,102547.8389
11/19/2016,3.94,6.9,242.026,231125,248192.4325,95495.93845,102547.8389
12/3/2016,4.08,6.9,242.637,219900,248692.529,90629.21154,102495.7154
12/10/2016,4.13,6.9,242.637,219051,248692.529,90279.30612,102495.7154
12/17/2016,4.16,6.9,242.637,225000,248692.529,92731.11685,102495.7154
12/24/2016,4.3,6.9,242.637,219000,248692.529,90258.28707,102495.7154
12/31/2016,4.32,6.9,242.637,216900,248692.529,89392.79665,102495.7154
1/7/2017,4.2,7,243.618,219000,250407.557,89894.83536,102786.9685
1/14/2017,4.12,7,243.618,216700,250407.557,88950.73435,102786.9685
1/21/2017,4.09,7,243.618,215000,250407.557,88252.92056,102786.9685
1/28/2017,4.19,7,243.618,214303,250407.557,87966.8169,102786.9685
2/4/2017,4.19,7,244.006,215000,253043.4434,88112.5874,103703.7792
2/11/2017,4.17,7,244.006,217900,253043.4434,89301.08276,103703.7792
2/18/2017,4.15,7,244.006,219950,253043.4434,90141.22604,103703.7792
2/25/2017,4.16,7,244.006,215630,253043.4434,88370.77777,103703.7792
3/4/2017,4.1,7,243.892,216401,256728.4296,88728.20757,105263.1614
3/11/2017,4.21,7,243.892,218000,256728.4296,89383.82563,105263.1614
3/18/2017,4.3,7,243.892,225000,256728.4296,92253.94847,105263.1614
3/25/2017,4.23,7,243.892,229900,256728.4296,94263.03446,105263.1614
4/1/2017,4.14,7,243.892,237500,259739.7821,97379.16783,106497.8688
4/8/2017,4.1,7.3,244.193,225000,259739.7821,92140.23334,106366.5961
4/15/2017,4.08,7.3,244.193,234950,259739.7821,96214.87921,106366.5961
4/22/2017,3.97,7.3,244.193,235000,259739.7821,96235.35482,106366.5961
4/29/2017,4.03,7.3,244.193,240000,259739.7821,98282.91556,106366.5961
5/6/2017,4.02,7.3,244.004,237000,262168.5822,97129.55525,107444.3789
5/13/2017,4.05,7.3,244.004,231818,262168.5822,95005.81958,107444.3789
5/20/2017,4.02,7.3,244.004,245000,262168.5822,100408.19,107444.3789
5/27/2017,3.95,7.3,244.004,239900,262168.5822,98318.06036,107444.3789
6/3/2017,3.94,7.3,244.163,240000,263385.9313,98294.99146,107872.9911
6/10/2017,3.89,7.3,244.163,245000,263385.9313,100342.8038,107872.9911
6/17/2017,3.91,7.3,244.163,249900,263385.9313,102349.6599,107872.9911
6/24/2017,3.9,7.3,244.163,250000,263385.9313,102390.6161,107872.9911
7/1/2017,3.88,7.3,244.163,250000,263762.078,102390.6161,108027.0467
7/8/2017,3.96,7.5,244.243,244181,263762.078,99974.61544,107991.6632
7/15/2017,4.03,7.5,244.243,252000,263762.078,103175.9354,107991.6632
7/22/2017,3.96,7.5,244.243,245000,263762.078,100309.9372,107991.6632
7/29/2017,3.92,7.5,244.243,243000,263762.078,99491.0806,107991.6632
8/5/2017,3.93,7.5,245.183,245000,263064.35,99925.36187,107293.0627
8/12/2017,3.9,7.5,245.183,243000,263064.35,99109.64463,107293.0627
8/19/2017,3.89,7.5,245.183,251830,263064.35,102711.0362,107293.0627
8/26/2017,3.86,7.5,245.183,242000,263064.35,98701.78601,107293.0627
9/2/2017,3.82,7.5,245.183,243000,263098.8329,99109.64463,107307.1269
9/9/2017,3.78,7.5,246.435,240000,263098.8329,97388.76377,106761.9587
9/16/2017,3.78,7.5,246.435,240000,263098.8329,97388.76377,106761.9587
9/23/2017,3.83,7.5,246.435,242000,263098.8329,98200.3368,106761.9587
9/30/2017,3.83,7.5,246.435,240193,263098.8329,97467.08057,106761.9587
10/7/2017,3.85,6.9,246.626,235000,262965.3828,95285.97958,106625.1664
10/14/2017,3.91,6.9,246.626,234897,262965.3828,95244.21594,106625.1664
10/21/2017,3.88,6.9,246.626,235000,262965.3828,95285.97958,106625.1664
10/28/2017,3.94,6.9,246.626,240000,262965.3828,97313.34085,106625.1664
11/4/2017,3.94,6.9,247.284,238000,264201.1259,96245.61233,106841.1729
11/11/2017,3.9,6.9,247.284,235869,264201.1259,95383.85015,106841.1729
11/18/2017,3.95,6.9,247.284,235000,264201.1259,95032.43234,106841.1729
12/2/2017,3.9,6.9,247.284,235000,266099.2056,95032.43234,107608.7436
12/9/2017,3.94,6.9,247.805,237000,266099.2056,95639.71671,107382.5006
12/16/2017,3.93,6.9,247.805,240000,266099.2056,96850.34604,107382.5006
12/23/2017,3.94,6.9,247.805,235000,266099.2056,94832.6305,107382.5006
12/30/2017,3.99,6.9,247.805,229950,266099.2056,92794.7378,107382.5006
1/6/2018,3.95,7,248.743,228000,268864.8655,91660.87086,108089.4198
1/13/2018,3.99,7,248.743,239000,268864.8655,96083.10586,108089.4198
1/20/2018,4.04,7,248.743,239000,268864.8655,96083.10586,108089.4198
1/27/2018,4.15,7,248.743,238000,268864.8655,95681.08449,108089.4198
2/3/2018,4.22,7,249.439,231651,272043.3446,92868.79758,109062.0731
2/10/2018,4.32,7,249.439,241250,272043.3446,96717.03302,109062.0731
2/17/2018,4.38,7,249.439,239450,272043.3446,95995.41371,109062.0731
2/24/2018,4.4,7,249.439,240000,272043.3446,96215.9085,109062.0731
3/3/2018,4.43,7,249.581,239700,275653.9517,96040.96466,110446.6893
3/10/2018,4.46,7,249.581,242651,275653.9517,97223.34633,110446.6893
3/17/2018,4.44,7,249.581,252526,275653.9517,101179.9776,110446.6893
3/24/2018,4.45,7,249.581,244736,275653.9517,98058.74646,110446.6893
3/31/2018,4.44,7,249.581,252000,275653.9517,100969.2244,110446.6893
4/7/2018,4.4,6.8,250.146,246000,277627.9453,98342.56794,110986.3621
4/14/2018,4.42,6.8,250.146,254950,277627.9453,101920.4784,110986.3621
4/21/2018,4.47,6.8,250.146,260000,277627.9453,103939.2994,110986.3621
4/28/2018,4.58,6.8,250.146,247000,277627.9453,98742.33448,110986.3621
5/5/2018,4.55,6.8,250.779,253250,279213.0932,100985.3297,111338.3071
5/12/2018,4.55,6.8,250.779,260000,279213.0932,103676.9426,111338.3071
5/19/2018,4.61,6.8,250.779,252161,279213.0932,100551.0828,111338.3071
5/26/2018,4.66,6.8,250.779,259900,279213.0932,103637.0669,111338.3071
6/2/2018,4.56,6.8,250.779,262000,279970.0979,104474.4576,111640.1684
6/9/2018,4.54,6.8,251.118,259450,279970.0979,103317.9621,111489.4583
6/16/2018,4.62,6.8,251.118,255515,279970.0979,101750.9697,111489.4583
6/23/2018,4.57,6.8,251.118,265000,279970.0979,105528.0784,111489.4583
6/30/2018,4.55,6.8,251.118,259000,279970.0979,103138.7634,111489.4583
7/7/2018,4.52,7.1,251.323,260000,279892.0671,103452.5292,111367.4702
7/14/2018,4.53,7.1,251.323,257500,279892.0671,102457.7934,111367.4702
7/21/2018,4.52,7.1,251.323,255000,279892.0671,101463.0575,111367.4702
7/28/2018,4.54,7.1,251.323,259900,279892.0671,103412.7398,111367.4702
8/4/2018,4.6,7.1,251.749,250000,280902.3311,99305.2604,111580.3165
8/11/2018,4.59,7.1,251.749,257576,280902.3311,102314.607,111580.3165
8/18/2018,4.53,7.1,251.749,255500,280902.3311,101489.9761,111580.3165
8/25/2018,4.51,7.1,251.749,260000,280902.3311,103277.4708,111580.3165
9/1/2018,4.52,7.1,251.749,250000,280407.0288,99305.2604,111383.572
9/8/2018,4.54,7.1,252.239,256000,280407.0288,101491.0462,111167.1981
9/15/2018,4.6,7.1,252.239,250000,280407.0288,99112.3498,111167.1981
9/22/2018,4.65,7.1,252.239,259900,280407.0288,103037.1988,111167.1981
9/29/2018,4.72,7.1,252.239,248750,280407.0288,98616.78805,111167.1981
10/6/2018,4.71,6.6,252.862,255000,280527.1727,100845.5205,110940.8186
10/13/2018,4.9,6.6,252.862,255000,280527.1727,100845.5205,110940.8186
10/20/2018,4.85,6.6,252.862,252500,280527.1727,99856.83891,110940.8186
10/27/2018,4.86,6.6,252.862,260000,280527.1727,102822.8836,110940.8186
11/3/2018,4.83,6.6,252.657,255000,281107.7514,100927.3442,111260.6227
11/10/2018,4.94,6.6,252.657,260000,281107.7514,102906.3117,111260.6227
11/17/2018,4.94,6.6,252.657,255000,281107.7514,100927.3442,111260.6227
12/1/2018,4.81,6.6,252.657,249000,281944.3477,98552.58315,111591.742
12/8/2018,4.75,6.6,252.551,250000,281944.3477,98989.90699,111638.579
12/15/2018,4.63,6.6,252.551,250000,281944.3477,98989.90699,111638.579
12/22/2018,4.62,6.6,252.551,246000,281944.3477,97406.06848,111638.579
12/29/2018,4.55,6.6,252.551,254000,281944.3477,100573.7455,111638.579
1/5/2019,4.51,7,252.47,245000,283934.8566,97041.23262,112462.8101
1/12/2019,4.45,7,252.47,252500,283934.8566,100011.8826,112462.8101
1/19/2019,4.45,7,252.47,250000,283934.8566,99021.66594,112462.8101
1/26/2019,4.45,7,252.47,242500,283934.8566,96051.01596,112462.8101
2/2/2019,4.46,7,252.47,250000,285723.8466,99021.66594,113171.4051
2/9/2019,4.41,7,253.135,246500,285723.8466,97378.86898,112874.0974
2/16/2019,4.37,7,253.135,251500,285723.8466,99354.09959,112874.0974
2/23/2019,4.35,7,253.135,247750,285723.8466,97872.67663,112874.0974
3/2/2019,4.35,7,253.135,255500,286875.1152,100934.2841,113328.9016
3/9/2019,4.41,7,254.273,257500,286875.1152,101269.1084,112821.6976
3/16/2019,4.31,7,254.273,264200,286875.1152,103904.0716,112821.6976
3/23/2019,4.28,7,254.273,266250,286875.1152,104710.2917,112821.6976
3/30/2019,4.06,7,254.273,274000,286875.1152,107758.1969,112821.6976
4/6/2019,4.08,6.8,255.163,265000,289010.9449,103855.1828,113265.2245
4/13/2019,4.12,6.8,255.163,260000,289010.9449,101895.651,113265.2245
4/20/2019,4.17,6.8,255.163,275000,289010.9449,107774.2463,113265.2245
4/27/2019,4.2,6.8,255.163,267575,289010.9449,104864.3416,113265.2245
5/4/2019,4.14,6.8,255.325,267900,291011.8356,104925.0955,113977.0236
5/11/2019,4.1,6.8,255.325,265000,291011.8356,103789.2882,113977.0236
5/18/2019,4.07,6.8,255.325,272000,291011.8356,106530.892,113977.0236
5/25/2019,4.06,6.8,255.325,275000,291011.8356,107705.8651,113977.0236
6/1/2019,3.99,6.8,255.325,282499,291731.8923,110642.9061,114259.0394
6/8/2019,3.82,6.8,255.361,279900,291731.8923,109609.5332,114242.9315
6/15/2019,3.82,6.8,255.361,278200,291731.8923,108943.809,114242.9315
6/22/2019,3.84,6.8,255.361,277000,291731.8923,108473.886,114242.9315
6/29/2019,3.73,6.8,255.361,280000,291731.8923,109648.6934,114242.9315
7/13/2019,3.75,6.8,255.9,279000,291258.0724,109026.9637,113817.1444
7/20/2019,3.81,6.8,255.9,275000,291258.0724,107463.8531,113817.1444
7/27/2019,3.75,6.8,255.9,275000,291258.0724,107463.8531,113817.1444
8/3/2019,3.75,6.8,256.179,275000,290852.6458,107346.8161,113534.929
8/10/2019,3.6,6.8,256.179,283750,290852.6458,110762.3966,113534.929
8/17/2019,3.6,6.8,256.179,274600,290852.6458,107190.6753,113534.929
8/24/2019,3.55,6.8,256.179,280750,290852.6458,109591.3404,113534.929
8/31/2019,3.58,6.8,256.179,274850,290852.6458,107288.2633,113534.929
9/7/2019,3.49,6.8,256.596,271000,291453.9807,105613.4936,113584.7717
9/14/2019,3.56,6.8,256.596,270000,291453.9807,105223.7759,113584.7717
9/21/2019,3.73,6.8,256.596,270000,291453.9807,105223.7759,113584.7717
9/28/2019,3.64,6.8,256.596,266000,291453.9807,103664.9051,113584.7717
10/5/2019,3.65,6.4,257.305,268000,291744.4251,104156.5457,113384.67
10/12/2019,3.57,6.4,257.305,269000,291744.4251,104545.1896,113384.67
10/19/2019,3.69,6.4,257.305,270000,291744.4251,104933.8334,113384.67
10/26/2019,3.75,6.4,257.305,272500,291744.4251,105905.443,113384.67
11/2/2019,3.78,6.4,257.305,274900,292141.0932,106838.1881,113538.8326
11/9/2019,3.69,6.4,257.788,270000,292141.0932,104737.2259,113326.1025
11/16/2019,3.75,6.4,257.788,270000,292141.0932,104737.2259,113326.1025
11/23/2019,3.66,6.4,257.788,271000,292141.0932,105125.1416,113326.1025
12/7/2019,3.68,6.4,258.263,268000,293880.5979,103770.1878,113791.212
12/14/2019,3.73,6.4,258.263,264900,293880.5979,102569.861,113791.212
12/21/2019,3.73,6.4,258.263,267800,293880.5979,103692.7473,113791.212
12/28/2019,3.74,6.4,258.263,262450,293880.5979,101621.2156,113791.212
1/4/2020,3.72,6.6,258.682,274100,295067.7364,105960.2137,114065.8169
1/11/2020,3.64,6.6,258.682,265000,295067.7364,102442.381,114065.8169
1/18/2020,3.65,6.6,258.682,265000,295067.7364,102442.381,114065.8169
1/25/2020,3.6,6.6,258.682,260000,295067.7364,100509.5059,114065.8169
2/1/2020,3.51,6.6,258.682,260000,297701.2851,100509.5059,115083.881
2/8/2020,3.45,6.6,259.007,269900,297701.2851,104205.6778,114939.4746
2/15/2020,3.47,6.6,259.007,265900,297701.2851,102661.318,114939.4746
2/22/2020,3.49,6.6,259.007,268000,297701.2851,103472.1069,114939.4746
2/29/2020,3.45,6.6,259.007,265000,297701.2851,102313.8371,114939.4746
3/7/2020,3.29,6.6,258.165,272250,301294.9986,105455.8131,116706.3694
3/14/2020,3.36,6.6,258.165,279000,301294.9986,108070.4201,116706.3694
3/21/2020,3.65,6.6,258.165,279000,301294.9986,108070.4201,116706.3694
3/28/2020,3.5,6.6,258.165,300000,301294.9986,116204.7528,116706.3694
4/4/2020,3.33,5.7,256.094,287376,303084.1821,112215.046,118348.8024
4/11/2020,3.33,5.7,256.094,280000,303084.1821,109334.8536,118348.8024
4/18/2020,3.31,5.7,256.094,287750,303084.1821,112361.0862,118348.8024
4/25/2020,3.33,5.7,256.094,298000,303084.1821,116363.5228,118348.8024
5/2/2020,3.23,5.7,256.094,295000,303796.3044,115192.0779,118626.8731
5/9/2020,3.26,5.7,255.944,288779,303796.3044,112828.9782,118696.3962
5/16/2020,3.28,5.7,255.944,285000,303796.3044,111352.4834,118696.3962
5/23/2020,3.24,5.7,255.944,280000,303796.3044,109398.931,118696.3962
5/30/2020,3.15,5.7,255.944,284950,303796.3044,111332.9478,118696.3962
6/6/2020,3.18,5.7,257.217,290000,304883.0439,112745.2696,118531.4516
6/13/2020,3.21,5.7,257.217,292400,304883.0439,113678.3339,118531.4516
6/20/2020,3.13,5.7,257.217,290000,304883.0439,112745.2696,118531.4516
6/27/2020,3.13,5.7,257.217,293500,304883.0439,114105.9883,118531.4516
7/4/2020,3.07,6.4,258.543,290000,305661.0778,112167.0283,118224.4647
7/11/2020,3.03,6.4,258.543,297750,305661.0778,115164.5954,118224.4647
7/18/2020,2.98,6.4,258.543,300000,305661.0778,116034.8569,118224.4647
7/25/2020,3.01,6.4,258.543,300000,305661.0778,116034.8569,118224.4647
8/1/2020,2.99,6.4,258.543,299876,308604.5021,115986.8958,119362.9308
8/8/2020,2.88,6.4,259.58,302000,308604.5021,116341.7829,118886.086
8/15/2020,2.96,6.4,259.58,307950,308604.5021,118633.9471,118886.086
8/22/2020,2.99,6.4,259.58,305000,308604.5021,117497.496,118886.086
8/29/2020,2.91,6.4,259.58,308000,308604.5021,118653.209,118886.086
9/5/2020,2.93,6.4,260.19,296000,310846.6134,113763.0193,119469.0854
9/12/2020,2.86,6.4,260.19,305000,310846.6134,117222.0301,119469.0854
9/19/2020,2.87,6.4,260.19,305000,310846.6134,117222.0301,119469.0854
9/26/2020,2.9,6.4,260.19,295050,310846.6134,113397.9015,119469.0854
10/3/2020,2.88,6.5,260.352,300000,314289.0081,115228.6136,120716.9556
10/10/2020,2.87,6.5,260.352,299900,314289.0081,115190.204,120716.9556
10/17/2020,2.81,6.5,260.352,307451,314289.0081,118090.5082,120716.9556
10/24/2020,2.8,6.5,260.352,309900,314289.0081,119031.1578,120716.9556
10/31/2020,2.81,6.5,260.352,302375,314289.0081,116140.8401,120716.9556
11/7/2020,2.78,6.5,260.721,308000,316784.3384,118133.9439,121503.1925
11/14/2020,2.84,6.5,260.721,310000,316784.3384,118901.0475,121503.1925
11/21/2020,2.72,6.5,260.721,300000,316784.3384,115065.5298,121503.1925
12/5/2020,2.71,6.5,261.564,305000,318539.3386,116606.2608,121782.5613
12/12/2020,2.71,6.5,261.564,295000,318539.3386,112783.1047,121782.5613
12/19/2020,2.67,6.5,261.564,300000,318539.3386,114694.6828,121782.5613
12/26/2020,2.66,6.5,261.564,302750,318539.3386,115746.0507,121782.5613
1/2/2021,2.67,6.5,261.564,290500,323760.5002,111062.6845,123778.6929
1/9/2021,2.65,6.8,262.2,298950,323760.5002,114016.0183,123478.4516
1/16/2021,2.79,6.8,262.2,295000,323760.5002,112509.5347,123478.4516
1/23/2021,2.77,6.8,262.2,290000,323760.5002,110602.5934,123478.4516
1/30/2021,2.73,6.8,262.2,287500,323760.5002,109649.1228,123478.4516
2/6/2021,2.73,6.8,263.346,295000,326616.9611,112019.9282,124025.7916
2/13/2021,2.73,6.8,263.346,289950,326616.9611,110102.2989,124025.7916
2/20/2021,2.81,6.8,263.346,298000,326616.9611,113159.1139,124025.7916
2/27/2021,2.97,6.8,263.346,297000,326616.9611,112779.3853,124025.7916
3/6/2021,3.02,6.8,265.028,300000,331985.9686,113195.5869,125264.4885
3/13/2021,3.05,6.8,265.028,310000,331985.9686,116968.7731,125264.4885
3/20/2021,3.09,6.8,265.028,302000,331985.9686,113950.2241,125264.4885
3/27/2021,3.17,6.8,265.028,311000,331985.9686,117346.0917,125264.4885
4/3/2021,3.18,6.2,266.727,320000,334318.3818,119972.8561,125341.0348
4/10/2021,3.13,6.2,266.727,315000,334318.3818,118098.2803,125341.0348
4/17/2021,3.04,6.2,266.727,325000,334318.3818,121847.432,125341.0348
4/24/2021,2.97,6.2,266.727,319600,334318.3818,119822.8901,125341.0348
5/1/2021,2.98,6.2,266.727,329000,341926.7673,123347.0927,128193.5339
5/8/2021,2.96,6.2,268.599,327775,341926.7673,122031.3553,127300.0895
5/15/2021,2.94,6.2,268.599,330000,341926.7673,122859.7277,127300.0895
5/22/2021,3,6.2,268.599,335000,341926.7673,124721.2387,127300.0895
5/29/2021,2.95,6.2,268.599,330000,341926.7673,122859.7277,127300.0895
6/5/2021,2.99,6.2,270.955,331000,347679.4441,122160.5064,128316.305
6/12/2021,2.96,6.2,270.955,332500,347679.4441,122714.1038,128316.305
6/19/2021,2.93,6.2,270.955,340000,347679.4441,125482.0911,128316.305
6/26/2021,3.02,6.2,270.955,340000,347679.4441,125482.0911,128316.305
7/3/2021,2.98,5.8,272.184,338250,351495.4405,124272.5509,129138.9062
7/10/2021,2.9,5.8,272.184,335000,351495.4405,123078.5057,129138.9062
7/17/2021,2.88,5.8,272.184,340000,351495.4405,124915.4983,129138.9062
7/24/2021,2.78,5.8,272.184,337000,351495.4405,123813.3028,129138.9062
7/31/2021,2.8,5.8,272.184,338000,351495.4405,124180.7013,129138.9062
8/7/2021,2.77,5.8,273.092,344450,351197.3012,126129.6559,128600.3622
8/14/2021,2.87,5.8,273.092,339000,351197.3012,124133.9915,128600.3622
8/21/2021,2.86,5.8,273.092,341000,351197.3012,124866.3454,128600.3622
8/28/2021,2.87,5.8,273.092,340000,351197.3012,124500.1684,128600.3622
9/4/2021,2.87,5.8,274.214,338000,351354.4277,123261.3944,128131.4695
9/11/2021,2.88,5.8,274.214,335500,351354.4277,122349.6977,128131.4695
9/18/2021,2.86,5.8,274.214,340000,351354.4277,123990.7517,128131.4695
9/25/2021,2.88,5.8,274.214,335000,351354.4277,122167.3583,128131.4695
10/2/2021,3.01,5.8,274.214,334972,351939.1377,122157.1473,128344.7008
10/9/2021,2.99,5.6,276.59,325000,351939.1377,117502.4404,127242.1771
10/16/2021,3.05,5.6,276.59,334900,351939.1377,121081.7455,127242.1771
10/23/2021,3.09,5.6,276.59,335000,351939.1377,121117.9001,127242.1771
10/30/2021,3.14,5.6,276.59,328000,351939.1377,118587.0783,127242.1771
11/6/2021,3.09,5.6,278.524,335000,353648.1943,120276.8882,126972.2517
11/20/2021,3.1,5.6,278.524,335000,353648.1943,120276.8882,126972.2517
12/4/2021,3.11,5.6,280.126,325000,357519.136,116019.2199,127627.9731
12/11/2021,3.1,5.6,280.126,329000,357519.136,117447.1488,127627.9731
12/18/2021,3.12,5.6,280.126,315000,357519.136,112449.3978,127627.9731
12/25/2021,3.05,5.6,280.126,325000,357519.136,116019.2199,127627.9731
1/1/2022,3.11,5.6,280.126,316000,360177.478,112806.38,128576.954
1/8/2022,3.22,5.8,281.933,320000,360177.478,113502.1441,127752.8626
1/15/2022,3.45,5.8,281.933,325000,360177.478,115275.6151,127752.8626
1/22/2022,3.56,5.8,281.933,334900,360177.478,118787.0877,127752.8626
1/29/2022,3.55,5.8,281.933,320000,360177.478,113502.1441,127752.8626
2/5/2022,3.55,5.8,284.182,317000,366569.4442,111548.2332,128991.0846
2/12/2022,3.69,5.8,284.182,314100,366569.4442,110527.7604,128991.0846
2/19/2022,3.92,5.8,284.182,325000,366569.4442,114363.3305,128991.0846
2/26/2022,3.89,5.8,284.182,320000,366569.4442,112603.8947,128991.0846
3/5/2022,3.76,5.8,287.708,320000,373251.7899,111223.8798,129732.8506
3/12/2022,3.85,5.8,287.708,320000,373251.7899,111223.8798,129732.8506
3/19/2022,4.16,5.8,287.708,339939,373251.7899,118154.1702,129732.8506
3/26/2022,4.42,5.8,287.708,335000,373251.7899,116437.4991,129732.8506
4/2/2022,4.67,5.8,287.708,345000,377217.5783,119913.2454,131111.2581
4/9/2022,4.72,5.6,288.663,340500,377217.5783,117957.6184,130677.4953
4/16/2022,5,5.6,288.663,351500,377217.5783,121768.2904,130677.4953
4/23/2022,5.11,5.6,288.663,357000,377217.5783,123673.6263,130677.4953
4/30/2022,5.1,5.6,288.663,360000,377217.5783,124712.9005,130677.4953
5/7/2022,5.27,5.6,291.474,360000,380135.5648,123510.1587,130418.3443
5/14/2022,5.3,5.6,291.474,360000,380135.5648,123510.1587,130418.3443
5/21/2022,5.25,5.6,291.474,354900,380135.5648,121760.4315,130418.3443
5/28/2022,5.1,5.6,291.474,370000,380135.5648,126940.9965,130418.3443
6/4/2022,5.09,5.6,295.328,375000,379867.7468,126977.4623,128625.7134
6/11/2022,5.23,5.6,295.328,363000,379867.7468,122914.1836,128625.7134
6/18/2022,5.78,5.6,295.328,365000,379867.7468,123591.3967,128625.7134
6/25/2022,5.81,5.6,295.328,366000,379867.7468,123930.0033,128625.7134
7/2/2022,5.7,5.6,295.328,375000,375914.0887,126977.4623,127286.9788
7/9/2022,5.3,5.6,295.271,375000,375914.0887,127001.9745,127311.5506
7/16/2022,5.51,5.6,295.271,375000,375914.0887,127001.9745,127311.5506
7/23/2022,5.54,5.6,295.271,365000,375914.0887,123615.2551,127311.5506
7/30/2022,5.3,5.6,295.271,355000,375914.0887,120228.5358,127311.5506
8/6/2022,4.99,5.6,295.62,365000,372300.4578,123469.3187,125938.86
8/13/2022,5.22,5.6,295.62,361250,372300.4578,122200.7983,125938.86
8/20/2022,5.13,5.6,295.62,355000,372300.4578,120086.5977,125938.86
8/27/2022,5.55,5.6,295.62,350000,372300.4578,118395.2371,125938.86
9/3/2022,5.66,5.6,296.761,356500,371712.0136,120130.3406,125256.3557
